{
  "age": {
    "mean": 36.49751243781095,
    "std": 7.7182409771329725,
    "min": 24.0,
    "max": 55.0,
    "q25": 30.0,
    "q50": 37.0,
    "q75": 42.0
  },
  "income": {
    "mean": 76767.50746268657,
    "std": 33205.4586646713,
    "min": 23882.0,
    "max": 180000.0,
    "q25": 49928.0,
    "q50": 75623.0,
    "q75": 95000.0
  },
  "credit_score": {
    "mean": 696.681592039801,
    "std": 81.59692463232142,
    "min": 332.0,
    "max": 831.0,
    "q25": 640.0,
    "q50": 710.0,
    "q75": 759.0
  },
  "gender": {
    "distribution": {
      "Female": 0.5024875621890548,
      "Male": 0.4975124378109453
    }
  },
  "occupation": {
    "distribution": {
      "Writer": 0.06467661691542288,
      "Engineer": 0.06467661691542288,
      "Marketing": 0.04975124378109453,
      "Artist": 0.03980099502487562,
      "Teacher": 0.03980099502487562,
      "Receptionist": 0.03980099502487562,
      "Nurse": 0.03482587064676617,
      "Consultant": 0.03482587064676617,
      "Accountant": 0.03482587064676617,
      "Lawyer": 0.03482587064676617,
      "Chef": 0.03482587064676617,
      "Architect": 0.03482587064676617,
      "Pilot": 0.029850746268656716,
      "IT": 0.029850746268656716,
      "Designer": 0.029850746268656716,
      "Banker": 0.029850746268656716,
      "Doctor": 0.029850746268656716,
      "Pharmacist": 0.024875621890547265,
      "Analyst": 0.024875621890547265,
      "Manager": 0.024875621890547265,
      "Software": 0.01990049751243781,
      "Electrician": 0.01990049751243781,
      "Programmer": 0.01990049751243781,
      "Stylist": 0.01990049751243781,
      "Salesman": 0.01990049751243781,
      "Musician": 0.01990049751243781,
      "Veterinarian": 0.01990049751243781,
      "Dentist": 0.014925373134328358,
      "Server": 0.014925373134328358,
      "Student": 0.014925373134328358,
      "HR": 0.014925373134328358,
      "Researcher": 0.014925373134328358,
      "Professor": 0.009950248756218905,
      "Editor": 0.009950248756218905,
      "Sales": 0.009950248756218905,
      "Realtor": 0.009950248756218905,
      "Photographer": 0.009950248756218905,
      "Psychologist": 0.004975124378109453
    }
  },
  "education_level": {
    "distribution": {
      "Bachelor's": 0.39800995024875624,
      "Master's": 0.2537313432835821,
      "Doctoral": 0.13930348258706468,
      "High School": 0.10945273631840796,
      "Associate's": 0.09950248756218906
    }
  },
  "marital_status": {
    "distribution": {
      "Married": 0.572139303482587,
      "Single": 0.42786069651741293
    }
  }
}